<?xml version="1.0" encoding="UTF-8"?>
<export version="E">
  <design>
    <source>/Users/sapelectronic/Desktop/Untitled_version2/Untitled_version2.kicad_sch</source>
    <date>2023 April 07, Friday 10:11:36</date>
    <tool>Eeschema (6.0.5-0)</tool>
    <sheet number="1" name="/" tstamps="/">
      <title_block>
        <title>ATtiny85 programming shield using Arduino Uno</title>
        <company/>
        <rev>Rev-1.0</rev>
        <date>2023-03-23</date>
        <source>Untitled_version2.kicad_sch</source>
        <comment number="1" value="Designed in Thailand"/>
        <comment number="2" value=""/>
        <comment number="3" value=""/>
        <comment number="4" value=""/>
        <comment number="5" value=""/>
        <comment number="6" value=""/>
        <comment number="7" value=""/>
        <comment number="8" value=""/>
        <comment number="9" value=""/>
      </title_block>
    </sheet>
  </design>
  <components>
    <comp ref="D1">
      <value>LED</value>
      <footprint>LED_THT:LED_D5.0mm</footprint>
      <libsource lib="Device" part="LED" description="Light emitting diode"/>
      <property name="Sheetname" value=""/>
      <property name="Sheetfile" value="Untitled_version2.kicad_sch"/>
      <sheetpath names="/" tstamps="/"/>
      <tstamps>cc0c9db4-7fdc-4afd-b26c-46a67dd644b0</tstamps>
    </comp>
    <comp ref="J1">
      <value>Conn_01x04</value>
      <footprint>Connector_PinHeader_2.54mm:PinHeader_1x04_P2.54mm_Vertical</footprint>
      <libsource lib="Connector_Generic" part="Conn_01x04" description="Generic connector, single row, 01x04, script generated (kicad-library-utils/schlib/autogen/connector/)"/>
      <property name="Sheetname" value=""/>
      <property name="Sheetfile" value="Untitled_version2.kicad_sch"/>
      <sheetpath names="/" tstamps="/"/>
      <tstamps>707a2526-1b22-4ae9-91b6-451dde6c4915</tstamps>
    </comp>
    <comp ref="J2">
      <value>Conn_Cap</value>
      <footprint>Connector_PinSocket_2.54mm:PinSocket_1x02_P2.54mm_Vertical</footprint>
      <libsource lib="Connector_Generic" part="Conn_01x02" description="Generic connector, single row, 01x02, script generated (kicad-library-utils/schlib/autogen/connector/)"/>
      <property name="Sheetname" value=""/>
      <property name="Sheetfile" value="Untitled_version2.kicad_sch"/>
      <sheetpath names="/" tstamps="/"/>
      <tstamps>4618a946-81b4-4894-89ab-e7e2bda4e291</tstamps>
    </comp>
    <comp ref="J3">
      <value>Conn_01x04</value>
      <footprint>Connector_PinHeader_2.54mm:PinHeader_1x04_P2.54mm_Vertical</footprint>
      <libsource lib="Connector_Generic" part="Conn_01x04" description="Generic connector, single row, 01x04, script generated (kicad-library-utils/schlib/autogen/connector/)"/>
      <property name="Sheetname" value=""/>
      <property name="Sheetfile" value="Untitled_version2.kicad_sch"/>
      <sheetpath names="/" tstamps="/"/>
      <tstamps>5319e2e0-eee0-481a-98bd-3921b8310f8b</tstamps>
    </comp>
    <comp ref="J4">
      <value>Conn_01x05</value>
      <footprint>Connector_PinHeader_2.54mm:PinHeader_1x05_P2.54mm_Vertical</footprint>
      <libsource lib="Connector_Generic" part="Conn_01x05" description="Generic connector, single row, 01x05, script generated (kicad-library-utils/schlib/autogen/connector/)"/>
      <property name="Sheetname" value=""/>
      <property name="Sheetfile" value="Untitled_version2.kicad_sch"/>
      <sheetpath names="/" tstamps="/"/>
      <tstamps>01aed21d-3607-46de-b0d1-f04301818dad</tstamps>
    </comp>
    <comp ref="J5">
      <value>Conn_01x05</value>
      <footprint>Connector_PinHeader_2.54mm:PinHeader_1x05_P2.54mm_Vertical</footprint>
      <libsource lib="Connector_Generic" part="Conn_01x05" description="Generic connector, single row, 01x05, script generated (kicad-library-utils/schlib/autogen/connector/)"/>
      <property name="Sheetname" value=""/>
      <property name="Sheetfile" value="Untitled_version2.kicad_sch"/>
      <sheetpath names="/" tstamps="/"/>
      <tstamps>687140e0-35ba-47f9-820c-f60dbc8ac9a1</tstamps>
    </comp>
    <comp ref="JP1">
      <value>SolderJumper_3_Bridged12</value>
      <footprint>Connector_PinHeader_2.54mm:PinHeader_1x03_P2.54mm_Vertical</footprint>
      <libsource lib="Jumper" part="SolderJumper_3_Bridged12" description="3-pole Solder Jumper, pins 1+2 closed/bridged"/>
      <property name="Sheetname" value=""/>
      <property name="Sheetfile" value="Untitled_version2.kicad_sch"/>
      <sheetpath names="/" tstamps="/"/>
      <tstamps>be239130-25ba-4a00-9028-0d392c7f1cb3</tstamps>
    </comp>
    <comp ref="JP2">
      <value>Jumper_2_Open</value>
      <footprint>Connector_PinHeader_2.54mm:PinHeader_1x02_P2.54mm_Vertical</footprint>
      <libsource lib="Jumper" part="Jumper_2_Open" description="Jumper, 2-pole, open"/>
      <property name="Sheetname" value=""/>
      <property name="Sheetfile" value="Untitled_version2.kicad_sch"/>
      <sheetpath names="/" tstamps="/"/>
      <tstamps>592a6cf0-f67e-4668-b41b-f031f0a24406</tstamps>
    </comp>
    <comp ref="R1">
      <value>470R</value>
      <footprint>Resistor_THT:R_Axial_DIN0207_L6.3mm_D2.5mm_P10.16mm_Horizontal</footprint>
      <libsource lib="Device" part="R" description="Resistor"/>
      <property name="Sheetname" value=""/>
      <property name="Sheetfile" value="Untitled_version2.kicad_sch"/>
      <sheetpath names="/" tstamps="/"/>
      <tstamps>80e9da20-37f3-4b25-a394-4ecb5ffaa3fd</tstamps>
    </comp>
    <comp ref="SW1">
      <value>SW_DIP_x04</value>
      <footprint>Button_Switch_THT:SW_DIP_SPSTx04_Slide_6.7x11.72mm_W7.62mm_P2.54mm_LowProfile</footprint>
      <libsource lib="Switch" part="SW_DIP_x04" description="4x DIP Switch, Single Pole Single Throw (SPST) switch, small symbol"/>
      <property name="Sheetname" value=""/>
      <property name="Sheetfile" value="Untitled_version2.kicad_sch"/>
      <sheetpath names="/" tstamps="/"/>
      <tstamps>05bd809e-3651-4822-a981-72c56e77b6d5</tstamps>
    </comp>
    <comp ref="U1">
      <value>ATtiny85-20P</value>
      <footprint>Package_DIP:DIP-8_W7.62mm</footprint>
      <datasheet>http://ww1.microchip.com/downloads/en/DeviceDoc/atmel-2586-avr-8-bit-microcontroller-attiny25-attiny45-attiny85_datasheet.pdf</datasheet>
      <libsource lib="MCU_Microchip_ATtiny" part="ATtiny85-20P" description="20MHz, 8kB Flash, 512B SRAM, 512B EEPROM, debugWIRE, DIP-8"/>
      <property name="Sheetname" value=""/>
      <property name="Sheetfile" value="Untitled_version2.kicad_sch"/>
      <sheetpath names="/" tstamps="/"/>
      <tstamps>a30c3c61-b69d-4782-8f42-5e5d6efa910c</tstamps>
    </comp>
  </components>
  <libparts>
    <libpart lib="Connector_Generic" part="Conn_01x02">
      <description>Generic connector, single row, 01x02, script generated (kicad-library-utils/schlib/autogen/connector/)</description>
      <docs>~</docs>
      <footprints>
        <fp>Connector*:*_1x??_*</fp>
      </footprints>
      <fields>
        <field name="Reference">J</field>
        <field name="Value">Conn_01x02</field>
        <field name="Datasheet">~</field>
      </fields>
      <pins>
        <pin num="1" name="Pin_1" type="passive"/>
        <pin num="2" name="Pin_2" type="passive"/>
      </pins>
    </libpart>
    <libpart lib="Connector_Generic" part="Conn_01x04">
      <description>Generic connector, single row, 01x04, script generated (kicad-library-utils/schlib/autogen/connector/)</description>
      <docs>~</docs>
      <footprints>
        <fp>Connector*:*_1x??_*</fp>
      </footprints>
      <fields>
        <field name="Reference">J</field>
        <field name="Value">Conn_01x04</field>
        <field name="Datasheet">~</field>
      </fields>
      <pins>
        <pin num="1" name="Pin_1" type="passive"/>
        <pin num="2" name="Pin_2" type="passive"/>
        <pin num="3" name="Pin_3" type="passive"/>
        <pin num="4" name="Pin_4" type="passive"/>
      </pins>
    </libpart>
    <libpart lib="Connector_Generic" part="Conn_01x05">
      <description>Generic connector, single row, 01x05, script generated (kicad-library-utils/schlib/autogen/connector/)</description>
      <docs>~</docs>
      <footprints>
        <fp>Connector*:*_1x??_*</fp>
      </footprints>
      <fields>
        <field name="Reference">J</field>
        <field name="Value">Conn_01x05</field>
        <field name="Datasheet">~</field>
      </fields>
      <pins>
        <pin num="1" name="Pin_1" type="passive"/>
        <pin num="2" name="Pin_2" type="passive"/>
        <pin num="3" name="Pin_3" type="passive"/>
        <pin num="4" name="Pin_4" type="passive"/>
        <pin num="5" name="Pin_5" type="passive"/>
      </pins>
    </libpart>
    <libpart lib="Device" part="LED">
      <description>Light emitting diode</description>
      <docs>~</docs>
      <footprints>
        <fp>LED*</fp>
        <fp>LED_SMD:*</fp>
        <fp>LED_THT:*</fp>
      </footprints>
      <fields>
        <field name="Reference">D</field>
        <field name="Value">LED</field>
        <field name="Datasheet">~</field>
      </fields>
      <pins>
        <pin num="1" name="K" type="passive"/>
        <pin num="2" name="A" type="passive"/>
      </pins>
    </libpart>
    <libpart lib="Device" part="R">
      <description>Resistor</description>
      <docs>~</docs>
      <footprints>
        <fp>R_*</fp>
      </footprints>
      <fields>
        <field name="Reference">R</field>
        <field name="Value">R</field>
        <field name="Datasheet">~</field>
      </fields>
      <pins>
        <pin num="1" name="" type="passive"/>
        <pin num="2" name="" type="passive"/>
      </pins>
    </libpart>
    <libpart lib="Jumper" part="Jumper_2_Open">
      <description>Jumper, 2-pole, open</description>
      <docs>~</docs>
      <footprints>
        <fp>Jumper*</fp>
        <fp>TestPoint*2Pads*</fp>
        <fp>TestPoint*Bridge*</fp>
      </footprints>
      <fields>
        <field name="Reference">JP</field>
        <field name="Value">Jumper_2_Open</field>
        <field name="Datasheet">~</field>
      </fields>
      <pins>
        <pin num="1" name="A" type="passive"/>
        <pin num="2" name="B" type="passive"/>
      </pins>
    </libpart>
    <libpart lib="Jumper" part="SolderJumper_3_Bridged12">
      <description>3-pole Solder Jumper, pins 1+2 closed/bridged</description>
      <docs>~</docs>
      <footprints>
        <fp>SolderJumper*Bridged12*</fp>
      </footprints>
      <fields>
        <field name="Reference">JP</field>
        <field name="Value">SolderJumper_3_Bridged12</field>
        <field name="Datasheet">~</field>
      </fields>
      <pins>
        <pin num="1" name="A" type="passive"/>
        <pin num="2" name="C" type="passive"/>
        <pin num="3" name="B" type="passive"/>
      </pins>
    </libpart>
    <libpart lib="MCU_Microchip_ATtiny" part="ATtiny85-20P">
      <description>20MHz, 8kB Flash, 512B SRAM, 512B EEPROM, debugWIRE, DIP-8</description>
      <docs>http://ww1.microchip.com/downloads/en/DeviceDoc/atmel-2586-avr-8-bit-microcontroller-attiny25-attiny45-attiny85_datasheet.pdf</docs>
      <footprints>
        <fp>DIP*W7.62mm*</fp>
      </footprints>
      <fields>
        <field name="Reference">U</field>
        <field name="Value">ATtiny85-20P</field>
        <field name="Footprint">Package_DIP:DIP-8_W7.62mm</field>
        <field name="Datasheet">http://ww1.microchip.com/downloads/en/DeviceDoc/atmel-2586-avr-8-bit-microcontroller-attiny25-attiny45-attiny85_datasheet.pdf</field>
      </fields>
      <pins>
        <pin num="1" name="~{RESET}/PB5" type="bidirectional"/>
        <pin num="2" name="XTAL1/PB3" type="bidirectional"/>
        <pin num="3" name="XTAL2/PB4" type="bidirectional"/>
        <pin num="4" name="GND" type="power_in"/>
        <pin num="5" name="AREF/PB0" type="bidirectional"/>
        <pin num="6" name="PB1" type="bidirectional"/>
        <pin num="7" name="PB2" type="bidirectional"/>
        <pin num="8" name="VCC" type="power_in"/>
      </pins>
    </libpart>
    <libpart lib="Switch" part="SW_DIP_x04">
      <description>4x DIP Switch, Single Pole Single Throw (SPST) switch, small symbol</description>
      <docs>~</docs>
      <footprints>
        <fp>SW?DIP?x4*</fp>
      </footprints>
      <fields>
        <field name="Reference">SW</field>
        <field name="Value">SW_DIP_x04</field>
        <field name="Datasheet">~</field>
      </fields>
      <pins>
        <pin num="1" name="" type="passive"/>
        <pin num="2" name="" type="passive"/>
        <pin num="3" name="" type="passive"/>
        <pin num="4" name="" type="passive"/>
        <pin num="5" name="" type="passive"/>
        <pin num="6" name="" type="passive"/>
        <pin num="7" name="" type="passive"/>
        <pin num="8" name="" type="passive"/>
      </pins>
    </libpart>
  </libparts>
  <libraries>
    <library logical="Connector_Generic">
      <uri>/Applications/KiCad/KiCad.app/Contents/SharedSupport/symbols//Connector_Generic.kicad_sym</uri>
    </library>
    <library logical="Device">
      <uri>/Applications/KiCad/KiCad.app/Contents/SharedSupport/symbols//Device.kicad_sym</uri>
    </library>
    <library logical="Jumper">
      <uri>/Applications/KiCad/KiCad.app/Contents/SharedSupport/symbols//Jumper.kicad_sym</uri>
    </library>
    <library logical="MCU_Microchip_ATtiny">
      <uri>/Applications/KiCad/KiCad.app/Contents/SharedSupport/symbols//MCU_Microchip_ATtiny.kicad_sym</uri>
    </library>
    <library logical="Switch">
      <uri>/Applications/KiCad/KiCad.app/Contents/SharedSupport/symbols//Switch.kicad_sym</uri>
    </library>
  </libraries>
  <nets>
    <net code="1" name="+3V3">
      <node ref="J4" pin="2" pinfunction="Pin_2" pintype="passive"/>
      <node ref="JP1" pin="3" pinfunction="B" pintype="passive"/>
    </net>
    <net code="2" name="+5V">
      <node ref="J4" pin="3" pinfunction="Pin_3" pintype="passive"/>
      <node ref="JP1" pin="1" pinfunction="A" pintype="passive"/>
    </net>
    <net code="3" name="/10(**{slash}SS)">
      <node ref="J5" pin="5" pinfunction="Pin_5" pintype="passive"/>
      <node ref="SW1" pin="5" pintype="passive"/>
    </net>
    <net code="4" name="/11(**{slash}MOSI)">
      <node ref="J5" pin="4" pinfunction="Pin_4" pintype="passive"/>
      <node ref="SW1" pin="6" pintype="passive"/>
    </net>
    <net code="5" name="/12(MISO)">
      <node ref="J5" pin="3" pinfunction="Pin_3" pintype="passive"/>
      <node ref="SW1" pin="7" pintype="passive"/>
    </net>
    <net code="6" name="/13(SCK)">
      <node ref="J5" pin="2" pinfunction="Pin_2" pintype="passive"/>
      <node ref="SW1" pin="8" pintype="passive"/>
    </net>
    <net code="7" name="Net-(R1-Pad2)">
      <node ref="D1" pin="2" pinfunction="A" pintype="passive"/>
      <node ref="R1" pin="2" pintype="passive"/>
    </net>
    <net code="8" name="No1">
      <node ref="J1" pin="1" pinfunction="Pin_1" pintype="passive"/>
      <node ref="SW1" pin="4" pintype="passive"/>
      <node ref="U1" pin="1" pinfunction="~{RESET}/PB5" pintype="bidirectional"/>
    </net>
    <net code="9" name="No2">
      <node ref="J1" pin="2" pinfunction="Pin_2" pintype="passive"/>
      <node ref="U1" pin="2" pinfunction="XTAL1/PB3" pintype="bidirectional"/>
    </net>
    <net code="10" name="No3">
      <node ref="J1" pin="3" pinfunction="Pin_3" pintype="passive"/>
      <node ref="U1" pin="3" pinfunction="XTAL2/PB4" pintype="bidirectional"/>
    </net>
    <net code="11" name="No4">
      <node ref="D1" pin="1" pinfunction="K" pintype="passive"/>
      <node ref="J1" pin="4" pinfunction="Pin_4" pintype="passive"/>
      <node ref="J2" pin="1" pinfunction="Pin_1" pintype="passive"/>
      <node ref="J4" pin="4" pinfunction="Pin_4" pintype="passive"/>
      <node ref="J4" pin="5" pinfunction="Pin_5" pintype="passive"/>
      <node ref="J5" pin="1" pinfunction="Pin_1" pintype="passive"/>
      <node ref="U1" pin="4" pinfunction="GND" pintype="power_in"/>
    </net>
    <net code="12" name="No5">
      <node ref="J3" pin="4" pinfunction="Pin_4" pintype="passive"/>
      <node ref="JP2" pin="1" pinfunction="A" pintype="passive"/>
      <node ref="SW1" pin="3" pintype="passive"/>
      <node ref="U1" pin="5" pinfunction="AREF/PB0" pintype="bidirectional"/>
    </net>
    <net code="13" name="No6">
      <node ref="J3" pin="3" pinfunction="Pin_3" pintype="passive"/>
      <node ref="SW1" pin="2" pintype="passive"/>
      <node ref="U1" pin="6" pinfunction="PB1" pintype="bidirectional"/>
    </net>
    <net code="14" name="No7">
      <node ref="J3" pin="2" pinfunction="Pin_2" pintype="passive"/>
      <node ref="SW1" pin="1" pintype="passive"/>
      <node ref="U1" pin="7" pinfunction="PB2" pintype="bidirectional"/>
    </net>
    <net code="15" name="No8">
      <node ref="J3" pin="1" pinfunction="Pin_1" pintype="passive"/>
      <node ref="JP1" pin="2" pinfunction="C" pintype="passive"/>
      <node ref="U1" pin="8" pinfunction="VCC" pintype="power_in"/>
    </net>
    <net code="16" name="RST">
      <node ref="J2" pin="2" pinfunction="Pin_2" pintype="passive"/>
      <node ref="J4" pin="1" pinfunction="Pin_1" pintype="passive"/>
    </net>
    <net code="17" name="forLED">
      <node ref="JP2" pin="2" pinfunction="B" pintype="passive"/>
      <node ref="R1" pin="1" pintype="passive"/>
    </net>
  </nets>
</export>
