Ref,Val,Package,PosX,PosY,Rot,Side
"J4","Conn_01x05","PinHeader_1x05_P2.54mm_Vertical",-35.590000,2.565000,-90.000000,bottom
"J5","Conn_01x05","PinHeader_1x05_P2.54mm_Vertical",-28.961000,50.800000,-90.000000,bottom
"D1","LED","LED_D5.0mm",46.228000,45.339000,-90.000000,top
"J1","Conn_01x04","PinHeader_1x04_P2.54mm_Vertical",33.147000,10.033000,90.000000,top
"J2","Conn_Cap","PinSocket_1x02_P2.54mm_Vertical",29.210000,2.540000,90.000000,top
"J3","Conn_01x04","PinHeader_1x04_P2.54mm_Vertical",33.284000,33.020000,90.000000,top
"JP1","SolderJumper_3_Bridged12","PinHeader_1x03_P2.54mm_Vertical",47.117000,8.778000,180.000000,top
"JP2","Jumper_2_Open","PinHeader_1x02_P2.54mm_Vertical",46.863000,22.606000,180.000000,top
"R1","470R","R_Axial_DIN0207_L6.3mm_D2.5mm_P10.16mm_Horizontal",47.117000,28.575000,90.000000,top
"SW1","SW_DIP_x04","SW_DIP_SPSTx04_Slide_6.7x11.72mm_W7.62mm_P2.54mm_LowProfile",30.998000,39.761000,90.000000,top
"U1","ATtiny85-20P","DIP-8_W7.62mm",33.411000,19.060000,90.000000,top
