"Source:","/Users/sapelectronic/Desktop/Untitled_version2/Untitled_version2.kicad_sch"
"Date:","2023 April 07, Friday 10:11:36"
"Tool:","Eeschema (6.0.5-0)"
"Generator:","/Applications/KiCad/KiCad.app/Contents/SharedSupport/plugins/bom_csv_grouped_by_value_with_fp.py"
"Component Count:","11"
"Ref","Qnty","Value","Cmp name","Footprint","Description","Vendor"
"D1, ","1","LED","LED","LED_THT:LED_D5.0mm","Light emitting diode",""
"J1, J3, ","2","Conn_01x04","Conn_01x04","Connector_PinHeader_2.54mm:PinHeader_1x04_P2.54mm_Vertical","Generic connector, single row, 01x04, script generated (kicad-library-utils/schlib/autogen/connector/)",""
"J2, ","1","Conn_Cap","Conn_01x02","Connector_PinSocket_2.54mm:PinSocket_1x02_P2.54mm_Vertical","Generic connector, single row, 01x02, script generated (kicad-library-utils/schlib/autogen/connector/)",""
"J4, J5, ","2","Conn_01x05","Conn_01x05","Connector_PinHeader_2.54mm:PinHeader_1x05_P2.54mm_Vertical","Generic connector, single row, 01x05, script generated (kicad-library-utils/schlib/autogen/connector/)",""
"JP1, ","1","SolderJumper_3_Bridged12","SolderJumper_3_Bridged12","Connector_PinHeader_2.54mm:PinHeader_1x03_P2.54mm_Vertical","3-pole Solder Jumper, pins 1+2 closed/bridged",""
"JP2, ","1","Jumper_2_Open","Jumper_2_Open","Connector_PinHeader_2.54mm:PinHeader_1x02_P2.54mm_Vertical","Jumper, 2-pole, open",""
"R1, ","1","470R","R","Resistor_THT:R_Axial_DIN0207_L6.3mm_D2.5mm_P10.16mm_Horizontal","Resistor",""
"SW1, ","1","SW_DIP_x04","SW_DIP_x04","Button_Switch_THT:SW_DIP_SPSTx04_Slide_6.7x11.72mm_W7.62mm_P2.54mm_LowProfile","4x DIP Switch, Single Pole Single Throw (SPST) switch, small symbol",""
"U1, ","1","ATtiny85-20P","ATtiny85-20P","Package_DIP:DIP-8_W7.62mm","20MHz, 8kB Flash, 512B SRAM, 512B EEPROM, debugWIRE, DIP-8",""
